window,year,part,from_date,to_date,trading_days,paper_weights_cumulative_pct,paper_weights_annualised_pct,table1_pct,difference_pts
2011_2012,2011,whole,2011-01-03,2011-12-28,250,50.03,50.52,40.14,10.38
2011_2012,2012,part,2011-12-28,2012-09-14,180,20.39,29.67,41.06,-11.39
2013_2014,2013,whole,2013-01-02,2013-12-27,250,30.82,31.1,27.92,3.18
2013_2014,2014,part,2013-12-27,2014-10-28,210,25.03,30.74,43.82,-13.08
2015_2016,2015,whole,2015-01-02,2015-12-29,250,43.01,43.42,41.78,1.64
2015_2016,2016,part,2015-12-29,2016-11-03,215,27.78,33.29,61.86,-28.57
2017_2018,2017,whole,2017-01-03,2017-12-28,250,27.09,27.33,30.58,-3.25
2017_2018,2018,part,2017-12-28,2018-10-08,195,35.19,47.64,27.78,19.86
2018_2019,2018,whole,2018-01-03,2018-12-28,249,53.03,53.82,27.78,26.04
2018_2019,2019,part,2018-12-28,2019-09-03,170,28.22,44.55,41.42,3.13
2020_2021,2020,whole,2020-01-02,2020-12-28,250,60.27,60.88,25.06,35.82
2020_2021,2021,part,2020-12-28,2021-07-27,145,24.64,46.63,37.6,9.03
2022_2023,2022,whole,2022-01-04,2022-12-29,249,70.58,71.68,36.79,34.89
2022_2023,2023,part,2022-12-29,2023-09-19,180,30.93,45.83,,
2024,2024,whole,2024-01-03,2024-12-27,249,40.4,40.97,,
