year,month,median_one_year,p90_abs_one_year
2012,1,0.1442525,0.5693767
2012,2,0.103591,0.4237866
2012,3,0.1122555,0.438204
2012,4,0.1153785,0.438204
2012,5,0.113489,0.4390038
2012,6,0.1060415,0.4488303
2012,7,0.1032035,0.438204
2012,8,0.103591,0.4374042
2012,9,0.1060415,0.4488303
2012,10,0.1060415,0.4646585
2012,11,0.102068,0.465023
2012,12,0.102442,0.4646585
2019,1,0.099547,0.4677038
2019,2,0.0993735,0.4677405
2019,3,0.0993735,0.4677405
2019,4,0.099547,0.4677038
2019,5,0.096341,0.4677038
2019,6,0.0941415,0.4580206
2019,7,0.0992,0.4642594
2019,8,0.0977705,0.4337984
2019,9,0.099547,0.4317398
2019,10,0.094782,0.4310536
2019,11,0.094782,0.432426
2019,12,0.087848,0.432426
