year,month,cap_unchanged_share,cap_moved_with_price_share,price_moved_cap_unchanged_share,calls_per_day,hour_of_first_call
2012,1,1.0,0.0,0.7852632,1.6,7.2
2012,2,0.9518072,0.0,0.8448795,1.9,2.4
2012,3,0.9558288,0.0,0.7240437,1.590909,7.272727
2012,4,0.950951,0.0,0.6991992,1.7,5.6
2012,5,0.9545248,0.0,0.8158254,1.818182,3.636364
2012,6,0.9532888,0.0,0.6653956,1.52381,8.380952
2012,7,0.9523356,0.0,0.7569113,1.571429,7.619048
2012,8,0.9565028,0.0,0.8168769,1.826087,3.478261
2012,9,0.9473684,0.0,0.6810526,1.578947,7.578947
2012,10,0.9528347,0.0,0.708909,1.619048,6.857143
2012,11,0.9523128,0.0,0.7548879,1.714286,5.333333
2012,12,0.95,0.0,0.7445,1.65,5.6
2019,1,1.0,0.0,0.7475,1.619048,6.857143
2019,2,0.9478398,0.0,0.6822972,1.736842,5.052632
2019,3,0.9523583,0.0,0.7603621,1.666667,6.095238
2019,4,0.9532888,0.0,0.7125834,1.571429,7.619048
2019,5,0.955414,0.0,0.7707006,1.772727,4.363636
2019,6,0.9509018,0.000501002,0.747495,1.6,7.2
2019,7,0.955414,0.0,0.7242948,1.590909,7.272727
2019,8,0.9553531,0.0,0.771754,1.681818,5.818182
2019,9,0.9504752,0.0,0.6988494,1.7,5.6
2019,10,0.9569378,0.0,0.738147,1.565217,7.652174
2019,11,0.9504256,0.0,0.6965448,1.7,5.6
2019,12,0.9523356,0.0,0.7087703,1.666667,5.333333
