file,source,source_sha256,sha256,bytes
raw/sa__v4_2011.json.gz,sa__v4_2011.json,9c73229bd768beed9eda3d5613c44a20c634a64c989feed0f6867738dc46de39,9c73229bd768beed9eda3d5613c44a20c634a64c989feed0f6867738dc46de39,4135760
raw/sa__v4_2013.json.gz,sa__v4_2013.json,b553d951511dd12efdf0681262cbc81f9e0e51ef6075fdd373827502c7ca8bec,b553d951511dd12efdf0681262cbc81f9e0e51ef6075fdd373827502c7ca8bec,4127436
raw/sa__v4_2015.json.gz,sa__v4_2015.json,3554589626e8eba0330a35566b6648634f54d3deb59f2e46ef8643f8270b5505,3554589626e8eba0330a35566b6648634f54d3deb59f2e46ef8643f8270b5505,4120365
raw/sa__v4_2017.json.gz,sa__v4_2017.json,0a4ec112fe2903a43b2d0acba83c0511c4be0ec22ea6a90af7e6f924244fa68a,0a4ec112fe2903a43b2d0acba83c0511c4be0ec22ea6a90af7e6f924244fa68a,4082112
raw/sa__v4_2018.json.gz,sa__v4_2018.json,87850a19bc80a4a83c708091c6afb3c16b3505394a882d2b286ef28e25731134,87850a19bc80a4a83c708091c6afb3c16b3505394a882d2b286ef28e25731134,4120897
raw/sa__v4_2020.json.gz,sa__v4_2020.json,66905bd28a1e522fab99dc7f94473c29505b886f9eb0466ad70755166a7c8b3b,66905bd28a1e522fab99dc7f94473c29505b886f9eb0466ad70755166a7c8b3b,4093251
raw/sa__v4_2022.json.gz,sa__v4_2022.json,7b366cffa38b0592d71958e33b354792baf4db29ccf1c87e77f472416481f517,7b366cffa38b0592d71958e33b354792baf4db29ccf1c87e77f472416481f517,4103036
raw/sa__v4_2024.json.gz,sa__v4_2024.json,11d590a37ad5a0e291204d311a7b91c55ba5ba2d7a8d2bf0f6ec090c2667281c,11d590a37ad5a0e291204d311a7b91c55ba5ba2d7a8d2bf0f6ec090c2667281c,2411277
raw/sa__v3_2011.json.gz,sa__v3_2011.json,a6e8f18392512903a8eab44ca317bc5863d20f3e1e6b7356e98b54c81c32cbf6,a6e8f18392512903a8eab44ca317bc5863d20f3e1e6b7356e98b54c81c32cbf6,3553630
raw/sa__v3_2018.json.gz,sa__v3_2018.json,db970e7a0adbda2b48f6c5249079ead394a59b3bf1d30f10976cb7617aabfcc1,db970e7a0adbda2b48f6c5249079ead394a59b3bf1d30f10976cb7617aabfcc1,4186171
raw/sa__v2.json.gz,sa__v2.json,045b8df5bff03b6bcf0c44818654cfd088651cf9a84818fdb4837c9c82d1db17,045b8df5bff03b6bcf0c44818654cfd088651cf9a84818fdb4837c9c82d1db17,5283011
raw/sa__v1.json.gz,sa__v1.json,42beafd36fcbd3030f41fd863736fb730dae57f2f116a1cc084507aaa2940002,42beafd36fcbd3030f41fd863736fb730dae57f2f116a1cc084507aaa2940002,5775537
raw/rerun__sa_v3_2018.json.gz,rerun__sa_v3_2018.json,a5fb9dcf066e646a61f074e611bd33b18d17c9ec425639f178371fbb68436cf6,a5fb9dcf066e646a61f074e611bd33b18d17c9ec425639f178371fbb68436cf6,3163278
raw/control__sa_v3_2018_recorded_code.json.gz,control__sa_v3_2018_recorded_code.json,02e403e452078f4a5cbc8010239b4fb08258dd804bc01a5ed3500b5c4da94c4b,02e403e452078f4a5cbc8010239b4fb08258dd804bc01a5ed3500b5c4da94c4b,3049533
raw/check__v3_via_params_2018.json.gz,check__v3_via_params_2018.json,41aaa0c11714dbfcc22f525af23d310830c9a9e7510d51daa199e65ea6be48bc,41aaa0c11714dbfcc22f525af23d310830c9a9e7510d51daa199e65ea6be48bc,3168297
raw/rerun__sa_v3_2011.json.gz,rerun__sa_v3_2011.json,35d1b48b3787d838f7448d92abc70a3a971080640cb74ae8601bf6f4150da8c1,35d1b48b3787d838f7448d92abc70a3a971080640cb74ae8601bf6f4150da8c1,3025356
raw/sa__half_leg_2011.json.gz,sa__half_leg_2011.json,0ed176aa435a2e1c4403c6e865eeb59a7c44cf859973c08caaca67fa5718adf8,0ed176aa435a2e1c4403c6e865eeb59a7c44cf859973c08caaca67fa5718adf8,3184166
raw/sa__half_leg_2018.json.gz,sa__half_leg_2018.json,3d37b1b17fac41114218c7d5d3a3e4d22d0f53218f67c3152f60e7b47ed89c8d,3d37b1b17fac41114218c7d5d3a3e4d22d0f53218f67c3152f60e7b47ed89c8d,3240294
raw/audit__spy_2015_2019.json.gz,audit__spy_2015_2019.json,bafc2d508d5e74b841f72d71cc2dfff5924faac82a9787ce58361bbb70ee7748,bafc2d508d5e74b841f72d71cc2dfff5924faac82a9787ce58361bbb70ee7748,59676
raw/probe2__2012.json.gz,probe2__2012.json,1eb69dcc6b9fff514983ab8790b5d382e5afc30d10c7fe8fe9f85fff1d551aad,1eb69dcc6b9fff514983ab8790b5d382e5afc30d10c7fe8fe9f85fff1d551aad,13184
raw/probe2__2019.json.gz,probe2__2019.json,cc7c1a1bc8f88aa84d0966e4fcee06669d845d4f98eab7c240852bbb48ec774c,cc7c1a1bc8f88aa84d0966e4fcee06669d845d4f98eab7c240852bbb48ec774c,13205
raw/capprobe2__2019.json.gz,capprobe2__2019.json,c86b9f9e6dc8bd246254e4d14f78af76b0c26ee5c448af194f985d540674589c,c86b9f9e6dc8bd246254e4d14f78af76b0c26ee5c448af194f985d540674589c,13674
raw/engines__original_runs.json.gz,engines__original_runs.json,308a895f297120b43c78cc16c2eefc6349ea868aa37e02ae647bee335a93a5c9,308a895f297120b43c78cc16c2eefc6349ea868aa37e02ae647bee335a93a5c9,4376
raw/charts.json.gz,"charts__all.json (keys sa__v3_2011, sa__v3_2018, sa__v2, sa__v1)",f0ed8f05b695b2133f16df250c40d969b32fd20d995ab57ce86e67bd68a36f93,cd55ba3219debb9e971ec1e3eb52239e353d13c51053f2e2b97b5946a7a1b894,440196
raw/backtest_lists.json.gz,"backtest_lists.json (projects 36836415, 36924052, 36922759, 36923739, 36924577)",db63320e934ab3712c42a8a301b39138a6a13b3bd57cf6bd6b6eb22ceb1b0f31,0281a49a73838bbaa143e952b4418c7a8d4214aef1f6dfda5875b0d8d385f1d3,26407
provenance/code_hashes.json,"code_hashes.json (keys audit__spy_2015_2019, capprobe2__2019, check__v3_via_params_2018, control__sa_v3_2018_recorded_code, probe2__2012, probe2__2019, rerun__sa_v3_2011, rerun__sa_v3_2018, sa__half_leg_2011, sa__half_leg_2018, sa__v1, sa__v2, sa__v3_2011, sa__v3_2018, sa__v4_2011, sa__v4_2013, sa__v4_2015, sa__v4_2017, sa__v4_2018, sa__v4_2020, sa__v4_2022, sa__v4_2024; not a QuantConnect export: written when one docstring paragraph of the embedded code was rewritten to leave out the other team members' names, it gives the SHA-256 of each code file as run and as published)",06b8c6bb504466de6c301d16d6e80ffe13060314d45850112e9b08d3f2cdcc59,19961277ba98446833066d8a76e2d97642e4c25ded4d2de5f4ec49bc890f5944,13545
superseded/v3_2011_2017/qc_report.html,sa__v3_2011__report.html,b260cf762dd259a6a711e4f3c053f77e8265b6f3b4ea5962736b2dcfc4133a6c,b260cf762dd259a6a711e4f3c053f77e8265b6f3b4ea5962736b2dcfc4133a6c,1626874
superseded/v3_2018_2024/qc_report.html,sa__v3_2018__report.html,bcc9714db66ccd5a1b2cbbbf41615c6512091945cd5a45d64d8cd723b259db3d,bcc9714db66ccd5a1b2cbbbf41615c6512091945cd5a45d64d8cd723b259db3d,1564485
