date,rank_space_paper_weights_before_costs_pct,name_space_realised_after_costs_pct
2011-01-07,0.0,0.559
2011-01-14,0.0,-0.0734
2011-01-24,0.0,0.7332
2011-01-31,0.0,-0.4538
2011-02-07,0.9717,0.0809
2011-02-14,0.9717,-0.7714
2011-02-22,0.9717,-0.9209
2011-03-01,0.2563,-0.2956
2011-03-08,0.2563,-0.9126
2011-03-15,0.2563,-0.7588
2011-03-22,0.2563,-1.3413
2011-03-29,0.2563,-1.3483
2011-04-05,0.4436,-2.4776
2011-04-12,0.4436,-2.3212
2011-04-19,0.4436,-1.9754
2011-04-27,0.4436,-2.6725
2011-05-04,3.0338,-2.6573
2011-05-11,3.0338,-2.3963
2011-05-18,3.0338,-2.5436
2011-05-25,3.2691,-2.6422
2011-06-02,3.5032,-2.9751
2011-06-09,3.5032,-2.9235
2011-06-16,3.5032,-2.2284
2011-06-23,3.5032,-2.827
2011-06-30,3.5032,-3.1346
2011-07-08,3.6944,-2.3244
2011-07-15,3.6944,-2.0205
2011-07-22,3.6944,-1.7127
2011-07-29,3.6944,-0.8958
2011-08-05,4.8462,-0.1909
2011-08-12,4.8462,-1.9192
2011-08-19,4.8462,-1.1372
2011-08-26,4.8462,-1.2298
2011-09-02,9.256,-1.6973
2011-09-12,9.256,-1.6973
2011-09-19,9.256,-1.6973
2011-09-26,9.256,-1.3982
2011-10-03,7.1219,-1.7467
2011-10-10,7.1219,-1.8137
2011-10-17,7.1219,-1.8137
2011-10-24,7.1219,-2.181
2011-10-31,7.1219,-2.212
2011-11-07,8.8525,-2.2193
2011-11-14,8.8525,-2.127
2011-11-21,8.8525,-2.312
2011-11-29,8.8525,-1.9521
2011-12-06,11.3354,-0.8291
2011-12-13,11.3354,-1.7027
2011-12-20,11.3354,-1.4274
2011-12-28,11.3354,-2.1873
2012-01-05,11.3354,-2.0691
2012-01-12,11.3354,-2.8312
2012-01-20,11.3354,-2.9983
2012-01-27,11.3354,-3.9273
2012-02-03,5.4345,-4.0198
2012-02-10,5.4345,-3.7673
2012-02-17,5.4345,-3.9537
2012-02-27,5.4345,-3.6826
2012-03-05,5.4345,-4.0281
2012-03-12,5.4345,-3.6185
2012-03-19,5.4345,-4.8696
2012-03-26,5.4345,-4.8791
2012-04-02,4.9398,-4.6502
2012-04-10,4.9398,-4.0035
2012-04-17,4.9398,-4.6173
2012-04-24,4.9398,-2.5739
2012-05-01,5.4206,-2.7979
2012-05-08,5.4206,-4.82
2012-05-15,5.4206,-5.0179
2012-05-22,5.4206,-4.3292
2012-05-30,5.4206,-4.5073
2012-06-06,5.4206,-4.4776
2012-06-13,5.4206,-4.4334
2012-06-20,5.4206,-3.7519
2012-06-27,5.4206,-4.0597
2012-07-05,6.153,-4.3776
2012-07-12,6.153,-4.833
2012-07-19,6.153,-4.6228
2012-07-26,6.153,-4.0621
2012-08-02,6.5622,-4.5612
2012-08-09,6.5622,-4.0659
2012-08-16,6.5622,-4.5735
2012-08-23,6.5622,-4.4913
2012-08-30,6.5622,-4.7978
2012-09-07,4.0202,-5.2948
2012-09-14,4.0202,-8.6343
2012-09-21,4.0202,-7.3932
2012-09-28,4.0202,-6.8803
2012-10-05,4.0202,-6.8803
2012-10-12,4.0202,-6.8803
2012-10-19,4.0202,-6.8803
2012-10-26,4.0202,-6.9597
2012-11-06,3.3447,-6.7471
2012-11-13,3.3447,-6.7471
2012-11-20,3.3447,-6.7471
2012-11-28,3.3447,-6.7471
2012-12-05,5.2166,-6.8982
2012-12-12,5.2166,-6.579
2012-12-19,5.2166,-6.6984
2012-12-27,5.2166,-7.8084
2013-01-04,6.4466,-4.4236
2013-01-11,6.4466,-4.6022
2013-01-18,6.4466,-4.0367
2013-01-28,6.4466,-3.0277
2013-02-04,8.7034,-2.5662
2013-02-11,8.7034,-3.0141
2013-02-19,8.7034,-3.187
2013-02-26,8.7034,-3.144
2013-03-05,9.3614,-4.222
2013-03-12,9.3614,-3.7062
2013-03-19,9.3614,-4.7406
2013-03-26,9.3614,-5.4481
2013-04-03,10.5092,-5.5479
2013-04-10,10.5092,-5.8654
2013-04-17,10.5092,-4.9914
2013-04-24,10.5092,-5.0311
2013-05-01,10.5092,-5.4119
2013-05-08,10.5092,-5.1302
2013-05-15,10.5092,-5.2998
2013-05-22,10.5092,-4.5012
2013-05-30,10.5092,-4.0049
2013-06-06,11.8049,-3.3376
2013-06-13,11.8049,-2.6983
2013-06-20,11.8049,-2.5222
2013-06-27,11.8049,-0.7183
2013-07-05,12.1229,0.1426
2013-07-12,12.1229,-0.2341
2013-07-19,12.1229,-0.3517
2013-07-26,12.1229,-1.3222
2013-08-02,16.8204,-1.5973
2013-08-09,16.8204,-1.4292
2013-08-16,16.8204,-1.5412
2013-08-23,16.8204,-0.7994
2013-08-30,16.8204,-0.3658
2013-09-09,17.5185,-0.3798
2013-09-16,17.5185,-0.3954
2013-09-23,17.5185,-0.7711
2013-09-30,17.5185,-1.2642
2013-10-07,17.5185,-1.3795
2013-10-14,17.5185,-1.6644
2013-10-21,17.5185,-2.231
2013-10-28,17.5185,-1.3832
2013-11-04,21.5577,-1.1957
2013-11-11,21.5577,-0.2277
2013-11-18,21.5577,0.2734
2013-11-25,21.5577,1.5998
2013-12-03,23.5059,1.0783
2013-12-10,23.5059,0.7629
2013-12-17,23.5059,0.8048
2013-12-24,23.5059,1.0117
2014-01-02,23.865,1.2553
2014-01-09,23.865,1.4622
2014-01-16,23.865,1.9974
2014-01-24,23.865,2.9992
2014-01-31,23.865,1.9398
2014-02-07,22.6154,1.7625
2014-02-14,22.6154,1.8817
2014-02-24,22.6154,1.6953
2014-03-03,24.3544,1.6254
2014-03-10,24.3544,1.3985
2014-03-17,24.3544,0.7809
2014-03-24,24.3544,1.0875
2014-03-31,24.3544,1.1137
2014-04-07,25.0934,1.9385
2014-04-14,25.0934,1.37
2014-04-22,25.0934,2.7055
2014-04-29,25.0934,2.2272
2014-05-06,25.0934,1.7036
2014-05-13,25.0934,1.5311
2014-05-20,25.0934,1.4899
2014-05-28,25.0934,1.3892
2014-06-04,25.0934,1.3424
2014-06-11,25.0934,1.3424
2014-06-18,25.0934,1.3957
2014-06-25,25.0934,1.2362
2014-07-02,26.3296,2.15
2014-07-10,26.3296,2.4156
2014-07-17,26.3296,2.6996
2014-07-24,26.3296,2.676
2014-07-31,26.3296,3.8543
2014-08-07,26.8263,3.1902
2014-08-14,26.8263,3.8126
2014-08-21,26.8263,3.6929
2014-08-28,26.8263,3.106
2014-09-05,27.7281,2.9706
2014-09-12,27.7281,2.5581
2014-09-19,27.7281,2.045
2014-09-26,27.7281,2.1669
2014-10-03,27.7878,2.0928
2014-10-10,27.7878,1.753
2014-10-17,27.7878,1.9265
2014-10-24,27.7878,0.2594
2014-10-31,27.7878,0.3275
2014-11-07,27.7878,0.3187
2014-11-14,27.7878,0.575
2014-11-21,27.7878,0.9174
2014-12-01,28.5353,0.9766
2014-12-08,28.5353,0.8649
2014-12-15,28.5353,0.392
2014-12-22,28.5353,1.621
2014-12-30,28.5353,1.8739
2015-01-07,30.0752,2.0329
2015-01-14,30.0752,3.0393
2015-01-22,30.0752,1.283
2015-01-29,30.0752,2.1253
2015-02-05,34.0179,2.7884
2015-02-12,34.0179,2.7302
2015-02-20,34.0179,2.7705
2015-02-27,34.0179,2.6649
2015-03-06,32.3567,2.745
2015-03-13,32.3567,2.8035
2015-03-20,32.3567,2.6688
2015-03-27,32.3567,3.2937
2015-04-06,33.1561,3.0973
2015-04-13,33.1561,3.4113
2015-04-20,33.1561,2.6031
2015-04-27,33.1561,4.8455
2015-05-04,33.0498,4.4754
2015-05-11,33.0498,3.7441
2015-05-18,33.0498,3.8881
2015-05-26,33.0498,4.6159
2015-06-02,34.7961,4.0518
2015-06-09,34.7961,4.8889
2015-06-16,34.952,4.8152
2015-06-23,34.952,4.7152
2015-06-30,34.952,3.823
2015-07-08,35.5256,4.2021
2015-07-15,35.5256,3.9176
2015-07-22,35.5256,4.0448
2015-07-29,35.5256,3.5246
2015-08-05,35.2327,3.6248
2015-08-12,35.2327,4.2002
2015-08-19,35.2327,5.6111
2015-08-26,35.2327,3.9041
2015-09-02,32.9638,5.2811
2015-09-10,32.9638,5.3731
2015-09-17,32.9638,5.6657
2015-09-24,32.9638,4.7499
2015-10-01,32.1764,4.2911
2015-10-08,32.1764,5.7174
2015-10-15,32.1764,5.9444
2015-10-22,32.1764,4.6544
2015-10-29,32.1764,4.0975
2015-11-05,32.2947,4.266
2015-11-12,32.2947,3.1878
2015-11-19,32.2947,3.6249
2015-11-27,32.2947,3.5365
2015-12-04,32.2947,4.6146
2015-12-11,32.2947,4.4005
2015-12-18,32.2947,4.0108
2015-12-28,32.2947,4.3014
2016-01-05,33.095,4.2685
2016-01-12,33.095,3.4568
2016-01-20,33.095,3.4416
2016-01-27,33.095,2.4639
2016-02-03,33.095,2.6402
2016-02-10,33.095,2.6402
2016-02-18,33.095,2.6402
2016-02-25,33.095,2.6733
2016-03-03,31.9824,2.3402
2016-03-10,31.9824,1.6943
2016-03-17,31.9824,2.8881
2016-03-24,31.9824,3.2084
2016-04-01,34.3019,3.5807
2016-04-08,34.3019,4.1471
2016-04-15,34.3019,3.684
2016-04-22,34.3019,2.5429
2016-04-29,34.3019,2.9555
2016-05-06,34.3019,3.3482
2016-05-13,34.3019,2.62
2016-05-20,34.3019,3.4899
2016-05-27,34.3019,3.3992
2016-06-06,33.9179,2.6511
2016-06-13,33.9179,1.3288
2016-06-20,33.9179,1.8716
2016-06-27,33.9179,1.5683
2016-07-05,34.4156,3.2493
2016-07-12,34.4156,2.9519
2016-07-19,34.4156,3.1765
2016-07-26,34.5126,3.8628
2016-08-02,36.5133,3.9138
2016-08-09,36.5133,3.8407
2016-08-16,36.5133,3.5286
2016-08-23,36.5133,3.4445
2016-08-30,36.5133,3.5613
2016-09-07,36.5133,3.725
2016-09-14,36.5133,5.4933
2016-09-21,36.5133,4.2447
2016-09-28,36.5133,4.7315
2016-10-05,35.1466,5.113
2016-10-12,35.1466,4.5774
2016-10-19,35.1466,4.1053
2016-10-26,35.1466,2.8272
2016-11-02,33.5609,2.2967
2016-11-09,33.5609,2.0038
2016-11-16,33.5609,2.6109
2016-11-23,33.5609,2.376
2016-12-01,36.6422,2.1765
2016-12-08,36.6422,2.771
2016-12-15,36.6422,3.0519
2016-12-22,36.6422,2.9683
2016-12-30,36.6422,2.6096
2017-01-09,38.9439,4.373
2017-01-17,38.9439,3.8866
2017-01-24,38.9439,1.5826
2017-01-31,38.9439,0.6154
2017-02-07,39.1801,0.9141
