key,version,role,label,folder,project_id,backtest_id,created,lean_version,configured_start,configured_end,first_date_traded,last_date_traded,order_cap_hit,parameters,net_profit,cagr,sharpe,psr,max_drawdown,beta,orders,orders_filled,orders_invalid,orders_canceled,orders_open_at_stop,closed_trades,win_rate,total_fees,fees_pct_of_start,portfolio_turnover,start_equity,end_equity,paper_weights_before_costs,code_sha256_as_run,code_sha256_published,rank_space_sha256_as_run,rank_space_sha256_published
sa__v4_2011,v4,current,"v4, 2011 to 2012",v4/2011_2012,36836415,ce4bc7c34bd41a5dba61822863beffdf,2026-09-25 00:41:58,v2.5.0.0.18126,2011-01-01,2017-12-31,2011-01-03,2012-09-13,2012-09-14,start_year=2011; end_year=2017,-8.46,-5.05,-1.43,0.006,9.8,0.012,10001,9313,1,683,4,5025,47.76,50811.37,5.081,41.71,1000000.0,915403.85,80.6297,15789ef3b315f11a5f05caa0e1480b85a222a5f5dc1bf5039205fd301a94b0d5,1e4ab45f41d2985cc6e75e33ed42c7fc02b797b9cdec3dac125f4b92b5c8e71b,024d3f7c23c4d998d411828cba5852ca3b424f57a467037b6b743f1244aa75b6,024d3f7c23c4d998d411828cba5852ca3b424f57a467037b6b743f1244aa75b6
sa__v4_2013,v4,current,"v4, 2013 to 2014",v4/2013_2014,36836415,0ca8b5de8aa85c494a003aa2355333cb,2026-09-25 00:50:08,v2.5.0.0.18126,2013-01-01,2014-12-31,2013-01-02,2014-10-30,2014-10-31,start_year=2013; end_year=2014,-6.042,-3.345,-1.332,0.008,8.3,-0.018,10001,9307,0,688,6,5031,48.8,50980.39,5.098,39.08,1000000.0,939580.89,63.563,15789ef3b315f11a5f05caa0e1480b85a222a5f5dc1bf5039205fd301a94b0d5,1e4ab45f41d2985cc6e75e33ed42c7fc02b797b9cdec3dac125f4b92b5c8e71b,024d3f7c23c4d998d411828cba5852ca3b424f57a467037b6b743f1244aa75b6,024d3f7c23c4d998d411828cba5852ca3b424f57a467037b6b743f1244aa75b6
sa__v4_2015,v4,current,"v4, 2015 to 2016",v4/2015_2016,36836415,9b5926227641558c352344da81fd230a,2026-09-25 00:52:04,v2.5.0.0.18126,2015-01-01,2016-12-31,2015-01-02,2016-11-03,2016-11-04,start_year=2015; end_year=2016,-0.409,-0.222,-0.368,1.288,4.0,0.022,10001,9371,0,619,11,5019,50.05,52384.69,5.238,38.68,1000000.0,995910.36,82.745,15789ef3b315f11a5f05caa0e1480b85a222a5f5dc1bf5039205fd301a94b0d5,1e4ab45f41d2985cc6e75e33ed42c7fc02b797b9cdec3dac125f4b92b5c8e71b,024d3f7c23c4d998d411828cba5852ca3b424f57a467037b6b743f1244aa75b6,024d3f7c23c4d998d411828cba5852ca3b424f57a467037b6b743f1244aa75b6
sa__v4_2017,v4,current,"v4, 2017 to 2018",v4/2017_2018,36836415,c30d8925ee7717581d90017c4d833f1d,2026-09-25 00:53:37,v2.5.0.0.18126,2017-01-01,2018-12-31,2017-01-03,2018-10-09,2018-10-10,start_year=2017; end_year=2018,2.301,1.29,-0.387,1.334,6.0,-0.054,10001,9250,1,735,15,4942,49.94,50004.42,5.0,39.71,1000000.0,1023007.44,71.8047,15789ef3b315f11a5f05caa0e1480b85a222a5f5dc1bf5039205fd301a94b0d5,1e4ab45f41d2985cc6e75e33ed42c7fc02b797b9cdec3dac125f4b92b5c8e71b,024d3f7c23c4d998d411828cba5852ca3b424f57a467037b6b743f1244aa75b6,024d3f7c23c4d998d411828cba5852ca3b424f57a467037b6b743f1244aa75b6
sa__v4_2018,v4,current,"v4, 2018 to 2019",v4/2018_2019,36836415,13c6fd60817d82bd142f2d9e56a540af,2026-09-25 00:43:49,v2.5.0.0.18126,2018-01-01,2024-12-31,2018-01-03,2019-09-06,2019-09-09,code defaults,8.92,5.194,0.315,13.516,3.3,-0.008,10001,9312,1,671,17,5018,50.52,54627.73,5.463,42.08,1000000.0,1089200.27,96.2121,15789ef3b315f11a5f05caa0e1480b85a222a5f5dc1bf5039205fd301a94b0d5,1e4ab45f41d2985cc6e75e33ed42c7fc02b797b9cdec3dac125f4b92b5c8e71b,024d3f7c23c4d998d411828cba5852ca3b424f57a467037b6b743f1244aa75b6,024d3f7c23c4d998d411828cba5852ca3b424f57a467037b6b743f1244aa75b6
sa__v4_2020,v4,current,"v4, 2020 to 2021",v4/2020_2021,36836415,4625d2e1a862ec5fbab51b25abfaa16e,2026-09-25 00:56:12,v2.5.0.0.18126,2020-01-01,2021-12-31,2020-01-02,2021-07-27,2021-07-28,start_year=2020; end_year=2021,-9.963,-6.456,-0.993,0.13,10.3,0.001,10001,9310,35,623,33,5030,48.25,49654.49,4.965,45.74,1000000.0,900368.91,99.7589,15789ef3b315f11a5f05caa0e1480b85a222a5f5dc1bf5039205fd301a94b0d5,1e4ab45f41d2985cc6e75e33ed42c7fc02b797b9cdec3dac125f4b92b5c8e71b,024d3f7c23c4d998d411828cba5852ca3b424f57a467037b6b743f1244aa75b6,024d3f7c23c4d998d411828cba5852ca3b424f57a467037b6b743f1244aa75b6
sa__v4_2022,v4,current,"v4, 2022 to 2023",v4/2022_2023,36836415,471170f7d06324c6c8d3a0485c9f86bd,2026-09-25 00:58:20,v2.5.0.0.18126,2022-01-01,2023-12-31,2022-01-04,2023-09-19,2023-09-20,start_year=2022; end_year=2023,-0.919,-0.536,-0.847,0.186,9.7,0.014,10001,9393,2,593,13,5028,50.2,52265.46,5.227,41.54,1000000.0,990809.75,123.3383,15789ef3b315f11a5f05caa0e1480b85a222a5f5dc1bf5039205fd301a94b0d5,1e4ab45f41d2985cc6e75e33ed42c7fc02b797b9cdec3dac125f4b92b5c8e71b,024d3f7c23c4d998d411828cba5852ca3b424f57a467037b6b743f1244aa75b6,024d3f7c23c4d998d411828cba5852ca3b424f57a467037b6b743f1244aa75b6
sa__v4_2024,v4,current,"v4, 2024",v4/2024,36836415,a7d6120d403258e2c4156fd3315385c3,2026-09-25 01:00:28,v2.5.0.0.18126,2024-01-01,2024-12-31,2024-01-03,2024-12-31,,start_year=2024; end_year=2024,-8.928,-8.905,-2.761,0.001,11.2,-0.047,5918,5520,9,389,0,2922,48.9,29644.21,2.964,41.28,1000000.0,910716.7,40.3967,15789ef3b315f11a5f05caa0e1480b85a222a5f5dc1bf5039205fd301a94b0d5,1e4ab45f41d2985cc6e75e33ed42c7fc02b797b9cdec3dac125f4b92b5c8e71b,024d3f7c23c4d998d411828cba5852ca3b424f57a467037b6b743f1244aa75b6,024d3f7c23c4d998d411828cba5852ca3b424f57a467037b6b743f1244aa75b6
sa__v3_2011,v3,superseded,"v3, 2011 to 2017 chunk",superseded/v3_2011_2017,36836415,52a7a3c0c4125798b5e32ced4a0591be,2026-09-22 18:05:47,v2.5.0.0.18116,2011-01-01,2017-12-31,2011-01-03,2017-02-02,2017-02-10,start_year=2011; end_year=2017,0.675,0.11,-0.149,0.033,9.6,-0.006,10001,4976,4473,550,2,2709,49.69,56727.99,5.673,12.68,1000000.0,1006746.65,39.1801,6b42cfb3baa3271e3c87e7a043ad9f4f331caae97dcddc9927a3583c67edd49b,7db688b9739d1889734fac225a82859ac959489aea913e098495b5af0a75860b,,
sa__v3_2018,v3,superseded,"v3, 2018 to 2024 chunk",superseded/v3_2018_2024,36836415,34bc2a26371280c36ee4bd62f36b7f93,2026-09-22 18:00:54,v2.5.0.0.18116,2018-01-01,2024-12-31,2018-01-03,2024-02-02,2024-02-06,code defaults,24.435,3.648,0.077,0.29,10.6,0.026,10001,5438,4093,464,6,3010,49.5,72130.44,7.213,13.81,1000000.0,1244351.93,5.4083,6b42cfb3baa3271e3c87e7a043ad9f4f331caae97dcddc9927a3583c67edd49b,7db688b9739d1889734fac225a82859ac959489aea913e098495b5af0a75860b,,
sa__v2,v2,superseded,"v2, legs renormalised daily",superseded/v2_2018_2024,36836415,e88aa0756b604a5f3f17186001e4cb63,2026-09-22 17:54:51,v2.5.0.0.18116,2018-01-01,2024-12-31,2018-01-03,2023-03-06,2023-03-07,code defaults,9.342,1.739,-0.084,0.149,8.1,0.049,10001,9457,0,542,2,7075,48.14,54938.62,5.494,13.41,1000000.0,1093421.77,-0.4032,1b69663023ac232638071ed4fc14ac4d6af3f787e2b4bf68edb573c34f32515b,8b57877a65ca9f66fd770a22734d1bddf37584b1622d496db57a595546060a5b,,
sa__v1,v1,superseded,"v1, dense paper weights on every rank",superseded/v1_2010_2024,36836415,a456727ec32bb79734be1296d2be4b4a,2026-09-22 17:47:09,v2.5.0.0.18116,2010-01-01,2024-12-31,2010-01-04,2013-08-15,2013-08-16,code defaults,-11.166,-3.214,-0.692,0.005,17.8,-0.013,10001,9778,0,218,5,8583,48.67,32512.98,3.251,12.67,1000000.0,888339.15,,54362e381867f6cabdbecbfc6a350cbad073fa6b36ff931d8f38de93f90bec15,82bf0048889229a3e824bce89bdc707cc38fac29cf51f8a06f1b07a08bbb9060,,
rerun__sa_v3_2018,v3 re-run,check,"v3 re-run, 2018 to 2024",checks/reproduction,36836415,750e8e081cbadc1707fa2cc4f61d77e1,2026-09-25 00:01:34,v2.5.0.0.18126,2018-01-01,2024-12-31,2018-01-03,2024-02-02,2024-02-05,code defaults,24.124,3.606,0.072,0.277,10.9,0.027,10001,5443,4091,465,2,3013,49.42,72076.76,7.208,13.82,1000000.0,1241239.65,4.6792,aec2f202be3b48b99df212fbe453f215287858765bf2fa5b570e61991c4ec872,d546cab74c7e72b22616fad99f4508072977181d7a905aa41757dde50c23c382,576c149bc6597ccde3019948bafeb7ed26f1e93d5af8ead5091c3d5227c085a8,576c149bc6597ccde3019948bafeb7ed26f1e93d5af8ead5091c3d5227c085a8
control__sa_v3_2018_recorded_code,v3 control,check,"v3 control, recorded main.py, 2018 to 2024",checks/reproduction,36924052,3b47a7efaa9763937ce344ad01e5a70b,2026-09-25 00:13:07,v2.5.0.0.18126,2018-01-01,2024-12-31,2018-01-03,2024-02-02,2024-02-05,code defaults,24.124,3.606,0.072,0.277,10.9,0.027,10001,5443,4091,465,2,3013,49.42,72076.76,7.208,13.82,1000000.0,1241239.65,4.6792,6b42cfb3baa3271e3c87e7a043ad9f4f331caae97dcddc9927a3583c67edd49b,7db688b9739d1889734fac225a82859ac959489aea913e098495b5af0a75860b,,
check__v3_via_params_2018,v3 via v4 code,check,"v4 code with v3 parameters, 2018 to 2024",checks/reproduction,36836415,59c153e30f7dbc30d429dc5690e972c3,2026-09-25 00:46:13,v2.5.0.0.18126,2018-01-01,2024-12-31,2018-01-03,2024-02-02,2024-02-05,cap_source=reported; leg_weight=0.05,24.124,3.606,0.072,0.277,10.9,0.027,10001,5443,4091,465,2,3013,49.42,72076.76,7.208,13.82,1000000.0,1241239.65,4.6792,15789ef3b315f11a5f05caa0e1480b85a222a5f5dc1bf5039205fd301a94b0d5,1e4ab45f41d2985cc6e75e33ed42c7fc02b797b9cdec3dac125f4b92b5c8e71b,024d3f7c23c4d998d411828cba5852ca3b424f57a467037b6b743f1244aa75b6,024d3f7c23c4d998d411828cba5852ca3b424f57a467037b6b743f1244aa75b6
rerun__sa_v3_2011,v3 re-run,check,"v3 re-run, 2011 to 2017",checks/reproduction,36836415,d854bcc40d82f63ac56ef65ab22cb7fc,2026-09-25 00:10:10,v2.5.0.0.18126,2011-01-01,2017-12-31,2011-01-03,2017-02-02,2017-02-09,start_year=2011; end_year=2017,1.804,0.293,-0.119,0.046,9.6,-0.007,10001,4985,4465,551,0,2717,49.83,57053.51,5.705,12.73,1000000.0,1018042.84,39.1832,aec2f202be3b48b99df212fbe453f215287858765bf2fa5b570e61991c4ec872,d546cab74c7e72b22616fad99f4508072977181d7a905aa41757dde50c23c382,576c149bc6597ccde3019948bafeb7ed26f1e93d5af8ead5091c3d5227c085a8,576c149bc6597ccde3019948bafeb7ed26f1e93d5af8ead5091c3d5227c085a8
sa__half_leg_2011,v3 half legs,check,"v3 half legs, 2011 to 2017",checks/margin/half_leg_2011_2017,36836415,2d103fcf069fbd64db1c7b2ef0d57868,2026-09-25 00:16:47,v2.5.0.0.18126,2011-01-01,2017-12-31,2011-01-03,2017-12-27,,start_year=2011; end_year=2017; leg_weight=0.025,5.165,0.722,-0.162,0.012,5.5,-0.003,7654,6696,237,721,0,3656,49.97,41279.15,4.128,7.9,1000000.0,1051654.95,45.3778,aec2f202be3b48b99df212fbe453f215287858765bf2fa5b570e61991c4ec872,d546cab74c7e72b22616fad99f4508072977181d7a905aa41757dde50c23c382,576c149bc6597ccde3019948bafeb7ed26f1e93d5af8ead5091c3d5227c085a8,576c149bc6597ccde3019948bafeb7ed26f1e93d5af8ead5091c3d5227c085a8
sa__half_leg_2018,v3 half legs,check,"v3 half legs, 2018 to 2024",checks/margin/half_leg_2018_2024,36836415,9bc852fda9adc4e72992f91a4ec234f2,2026-09-25 00:20:32,v2.5.0.0.18126,2018-01-01,2024-12-31,2018-01-03,2024-12-26,,leg_weight=0.025,16.148,2.16,-0.375,0.001,4.7,0.013,7555,6955,2,598,0,3831,49.6,45236.41,4.524,8.08,1000000.0,1161476.86,6.8172,aec2f202be3b48b99df212fbe453f215287858765bf2fa5b570e61991c4ec872,d546cab74c7e72b22616fad99f4508072977181d7a905aa41757dde50c23c382,576c149bc6597ccde3019948bafeb7ed26f1e93d5af8ead5091c3d5227c085a8,576c149bc6597ccde3019948bafeb7ed26f1e93d5af8ead5091c3d5227c085a8
audit__spy_2015_2019,reference,reference,"Reference, SPY buy and hold 2015 to 2019",reference/spy_2015_2019,36922759,59188fbb663a9156f0a91ef329d1a6e0,2026-09-24 23:16:46,v2.5.0.0.18126,2015-01-01,2019-12-31,,,,mode=spy_2015_2019,73.298,11.62,0.618,13.577,19.2,0.991,1,,,,,,,2.95,0.003,0.05,100000.0,173298.08,,7fa49674a4c1163e3b503106310aa0d8fa5e725bfe8fa45f27783bd5c288e078,7fa49674a4c1163e3b503106310aa0d8fa5e725bfe8fa45f27783bd5c288e078,,
