chunk,symbol,matched_fills,ratio_min,ratio_max
2018 to 2024,AAPL,60,1.0,1.0
2018 to 2024,ABBV,51,1.0,1.0
2018 to 2024,ABNB,20,1.0,1.0
2018 to 2024,ABT,53,1.0,1.0
2018 to 2024,ACN,44,1.0,1.0
2018 to 2024,ADBE,50,1.0,1.0
2018 to 2024,ADI,22,1.0,1.0
2018 to 2024,ADP,46,1.0,1.0
2018 to 2024,AMAT,14,1.0,1.0
2018 to 2024,AMD,37,1.0,1.0
2018 to 2024,AMGN,48,1.0,1.0
2018 to 2024,AMT,51,1.0,1.0
2018 to 2024,AMZN,44,1.0,1.0
2018 to 2024,APD,2,1.0,1.0
2018 to 2024,AVGO,43,1.0,1.0
2018 to 2024,AXP,62,1.0,1.0
2018 to 2024,BA,60,1.0,1.0
2018 to 2024,BDX,24,1.0,1.0
2018 to 2024,BIIB,15,1.0,1.0
2018 to 2024,BKNG,41,1.0,1.0
2018 to 2024,BLK,51,1.0,1.0
2018 to 2024,BMY,44,1.0,1.0
2018 to 2024,BNY,8,1.0,1.0
2018 to 2024,BSX,14,1.0,1.0
2018 to 2024,BX,8,1.0,1.0
2018 to 2024,C,56,1.0,1.0
2018 to 2024,CAT,43,1.0,1.0
2018 to 2024,CB,23,1.0,1.0
2018 to 2024,CCI,22,1.0,1.0
2018 to 2024,CI,36,1.0,1.0
2018 to 2024,CL,23,1.0,1.0
2018 to 2024,CME,29,1.0,1.0
2018 to 2024,COP,27,1.0,1.0
2018 to 2024,COST,56,1.0,1.0
2018 to 2024,CPNG,2,1.0,1.0
2018 to 2024,CRM,59,1.0,1.0
2018 to 2024,CSCO,54,1.0,1.0
2018 to 2024,CSX,12,1.0,1.0
2018 to 2024,CVS,52,1.0,1.0
2018 to 2024,CVX,40,1.0,1.0
2018 to 2024,DD,13,1.0,1.0
2018 to 2024,DE,38,1.0,1.0
2018 to 2024,DHR,35,1.0,1.0
2018 to 2024,DIS,31,1.0,1.0
2018 to 2024,DUK,27,1.0,1.0
2018 to 2024,ECL,4,1.0,1.0
2018 to 2024,EL,46,1.0,1.0
2018 to 2024,ELV,46,1.0,1.0
2018 to 2024,EOG,20,1.0,1.0
2018 to 2024,EPD,14,1.0,1.0
2018 to 2024,EQIX,6,1.0,1.0
2018 to 2024,ETN,2,1.0,1.0
2018 to 2024,FDX,13,1.0,1.0
2018 to 2024,FIS,9,1.0,1.0
2018 to 2024,FISV,6,1.0,1.0
2018 to 2024,GD,6,1.0,1.0
2018 to 2024,GILD,53,1.0,1.0
2018 to 2024,GM,24,1.0,1.0
2018 to 2024,GOOGL,39,1.0,1.0
2018 to 2024,GS,37,1.0,1.0
2018 to 2024,HD,60,1.0,1.0
2018 to 2024,HON,53,1.0,1.0
2018 to 2024,IBM,55,1.0,1.0
2018 to 2024,INTC,51,1.0,1.0
2018 to 2024,INTU,50,1.0,1.0
2018 to 2024,ISRG,34,1.0,1.0
2018 to 2024,ITW,4,1.0,1.0
2018 to 2024,JNJ,35,1.0,1.0
2018 to 2024,JPM,56,1.0,1.0
2018 to 2024,KO,46,1.0,1.0
2018 to 2024,LCID,2,1.0,1.0
2018 to 2024,LIN,34,1.0,1.0
2018 to 2024,LLY,53,1.0,1.0
2018 to 2024,LMT,45,1.0,1.0
2018 to 2024,LOW,55,1.0,1.0
2018 to 2024,LRCX,16,1.000031,1.000031
2018 to 2024,LVS,6,1.0,1.0
2018 to 2024,MA,39,1.0,1.0
2018 to 2024,MAAS,3,1.0,1.0
2018 to 2024,MCD,67,1.0,1.0
2018 to 2024,MDLZ,49,1.0,1.0
2018 to 2024,MDT,46,0.991938,0.991938
2018 to 2024,MELI,2,1.0,1.0
2018 to 2024,META,48,1.0,1.0
2018 to 2024,MMM,36,1.0,1.0
2018 to 2024,MO,45,1.0,1.0
2018 to 2024,MRK,42,1.0,1.0
2018 to 2024,MRNA,2,1.0,1.0
2018 to 2024,MRSH,22,1.0,1.0
2018 to 2024,MS,49,1.0,1.0
2018 to 2024,MSFT,34,1.0,1.0
2018 to 2024,MU,17,1.0,1.0
2018 to 2024,NEE,47,1.0,1.0
2018 to 2024,NFLX,53,1.0,1.0
2018 to 2024,NKE,51,1.0,1.0
2018 to 2024,NOC,14,1.0,1.0
2018 to 2024,NOW,38,1.0,1.0
2018 to 2024,NSC,2,1.0,1.0
2018 to 2024,NVDA,50,1.0,1.0
2018 to 2024,ORCL,46,1.0,1.0
2018 to 2024,OXY,2,1.0,1.0
2018 to 2024,PEP,48,1.0,1.0
2018 to 2024,PFE,45,1.0,1.0
2018 to 2024,PG,45,1.0,1.0
2018 to 2024,PGR,9,1.0,1.0
2018 to 2024,PLD,40,1.0,1.0
2018 to 2024,PM,46,1.0,1.0
2018 to 2024,PNC,20,1.0,1.0
2018 to 2024,PSX,2,1.0,1.0
2018 to 2024,PYPL,40,1.0,1.0
2018 to 2024,QCOM,51,1.0,1.0
2018 to 2024,REGN,14,1.0,1.0
2018 to 2024,RTX,56,1.0,1.0
2018 to 2024,SBUX,48,1.0,1.0
2018 to 2024,SCHW,41,1.0,1.0
2018 to 2024,SHOP,24,1.0,1.0
2018 to 2024,SHW,2,1.0,1.0
2018 to 2024,SLB,12,1.0,1.0
2018 to 2024,SNAP,4,1.0,1.0
2018 to 2024,SNOW,4,1.0,1.0
2018 to 2024,SO,20,1.0,1.0
2018 to 2024,SPGI,48,1.0,1.0
2018 to 2024,SPY,541,1.0,1.0
2018 to 2024,SYK,38,1.0,1.0
2018 to 2024,T,56,1.0,1.0
2018 to 2024,TEAM,6,1.0,1.0
2018 to 2024,TFC,9,1.0,1.0
2018 to 2024,TGT,20,1.0,1.0
2018 to 2024,TJX,35,1.0,1.0
2018 to 2024,TMO,69,1.0,1.0
2018 to 2024,TMUS,41,1.0,1.0
2018 to 2024,TSLA,41,1.0,1.0
2018 to 2024,TXN,60,1.0,1.0
2018 to 2024,UBER,15,1.0,1.0
2018 to 2024,UNH,46,1.0,1.0
2018 to 2024,UNP,40,1.0,1.0
2018 to 2024,UPS,55,1.0,1.0
2018 to 2024,USB,33,1.0,1.0
2018 to 2024,V,48,1.0,1.0
2018 to 2024,VFS,2,1.0,1.0
2018 to 2024,VRTX,33,1.0,1.0
2018 to 2024,VZ,53,1.0,1.0
2018 to 2024,WFC,46,1.0,1.0
2018 to 2024,WM,2,1.0,1.0
2018 to 2024,WMT,48,1.0,1.0
2018 to 2024,XOM,44,1.0,1.0
2018 to 2024,XYZ,10,1.0,1.0
2018 to 2024,ZM,6,1.0,1.0
2018 to 2024,ZTS,24,1.0,1.0
2011 to 2017,AAPL,47,1.0,1.0
2011 to 2017,ABBV,32,1.0,1.0
2011 to 2017,ABT,39,1.0,1.0
2011 to 2017,ACN,44,1.0,1.0
2011 to 2017,ADBE,14,1.0,1.0
2011 to 2017,ADP,35,1.0,1.0
2011 to 2017,AFL,2,1.0,1.0
2011 to 2017,AIG,41,1.0,1.0
2011 to 2017,ALXN,4,1.0,1.0
2011 to 2017,AMGN,55,1.0,1.0
2011 to 2017,AMT,15,1.0,1.0
2011 to 2017,AMZN,53,1.0,1.0
2011 to 2017,APA,18,1.0,1.0
2011 to 2017,AVGO,3,1.0,1.0
2011 to 2017,AXP,44,1.0,1.0
2011 to 2017,BA,47,1.0,1.0
2011 to 2017,BAX,24,1.0,1.0
2011 to 2017,BEN,6,1.0,1.0
2011 to 2017,BIIB,46,1.0,1.0
2011 to 2017,BKNG,34,1.0,1.0
2011 to 2017,BLK,44,1.0,1.0
2011 to 2017,BMY,50,1.0,1.0
2011 to 2017,BNY,38,1.0,1.0
2011 to 2017,C,42,1.0,1.0
2011 to 2017,CAT,37,1.0,1.0
2011 to 2017,CB,11,1.0,1.0
2011 to 2017,CCL,15,1.0,1.0
2011 to 2017,CL,48,1.0,1.0
2011 to 2017,COF,26,1.0,1.0
2011 to 2017,COP,37,1.0,1.0
2011 to 2017,COST,45,1.0,1.0
2011 to 2017,CRM,24,1.0,1.0
2011 to 2017,CSCO,41,1.0,1.0
2011 to 2017,CSX,2,1.0,1.0
2011 to 2017,CTSH,2,1.0,1.0
2011 to 2017,CVS,56,1.0,1.0
2011 to 2017,CVX,45,1.0,1.0
2011 to 2017,DAL,6,1.0,1.0
2011 to 2017,DD,52,1.0,1.0
2011 to 2017,DE,16,1.0,1.0
2011 to 2017,DHR,41,1.0,1.0
2011 to 2017,DIS,52,1.0,1.0
2011 to 2017,DUK,44,1.0,1.0
2011 to 2017,EBAY,38,1.0,1.0
2011 to 2017,ELV,6,1.0,1.0
2011 to 2017,EMR,32,1.0,1.0
2011 to 2017,EOG,31,1.0,1.0
2011 to 2017,EPD,52,1.0,1.0
2011 to 2017,ETN,2,1.0,1.0
2011 to 2017,EXC,9,1.0,1.0
2011 to 2017,F,50,1.0,1.0
2011 to 2017,FCX,14,1.0,1.0
2011 to 2017,FDX,45,1.0,1.0
2011 to 2017,GD,22,1.0,1.0
2011 to 2017,GILD,39,1.0,1.0
2011 to 2017,GIS,6,1.0,1.0
2011 to 2017,GLW,6,1.0,1.0
2011 to 2017,GM,44,1.0,1.0
2011 to 2017,GOOGL,41,1.0,1.0
2011 to 2017,GS,52,1.0,1.0
2011 to 2017,HAL,29,1.0,1.0
2011 to 2017,HD,44,1.0,1.0
2011 to 2017,HES,2,1.0,1.0
2011 to 2017,HON,44,1.0,1.0
2011 to 2017,HPQ,38,1.0,1.0
2011 to 2017,IBM,46,1.0,1.0
2011 to 2017,INTC,71,1.0,1.0
2011 to 2017,ITW,18,1.0,1.0
2011 to 2017,JCI,12,1.0,1.0
2011 to 2017,JNJ,52,1.0,1.0
2011 to 2017,JPM,45,1.0,1.0
2011 to 2017,KMB,24,1.0,1.0
2011 to 2017,KMI,20,1.0,1.0
2011 to 2017,KO,44,1.0,1.0
2011 to 2017,LBTYA,4,1.0,1.0
2011 to 2017,LIN,27,1.0,1.0
2011 to 2017,LLY,46,1.0,1.0
2011 to 2017,LMT,39,1.0,1.0
2011 to 2017,LOW,48,1.0,1.0
2011 to 2017,LVS,43,1.0,1.0
2011 to 2017,MA,38,1.0,1.0
2011 to 2017,MCD,52,1.0,1.0
2011 to 2017,MCK,30,1.0,1.0
2011 to 2017,MDLZ,42,1.0,1.0
2011 to 2017,MDT,55,0.991938,0.991938
2011 to 2017,MET,46,1.0,1.0
2011 to 2017,META,32,1.0,1.0
2011 to 2017,MMM,29,1.0,1.0
2011 to 2017,MO,41,1.0,1.0
2011 to 2017,MOS,3,1.0,1.0
2011 to 2017,MRK,42,1.0,1.0
2011 to 2017,MS,45,1.0,1.0
2011 to 2017,MSFT,36,1.0,1.0
2011 to 2017,NEE,31,1.0,1.0
2011 to 2017,NEM,2,1.0,1.0
2011 to 2017,NFLX,6,1.0,1.0
2011 to 2017,NKE,53,1.0,1.0
2011 to 2017,NOC,2,1.0,1.0
2011 to 2017,NOV,22,1.0,1.0
2011 to 2017,ORCL,62,1.0,1.0
2011 to 2017,OXY,33,1.0,1.0
2011 to 2017,PEP,42,1.0,1.0
2011 to 2017,PFE,58,1.0,1.0
2011 to 2017,PG,51,1.0,1.0
2011 to 2017,PM,50,1.0,1.0
2011 to 2017,PNC,46,1.0,1.0
2011 to 2017,PRU,17,1.0,1.0
2011 to 2017,PSA,6,1.0,1.0
2011 to 2017,PSX,30,1.0,1.0
2011 to 2017,PYPL,10,1.0,1.0
2011 to 2017,QCOM,39,1.0,1.0
2011 to 2017,REGN,6,1.0,1.0
2011 to 2017,RTX,49,1.0,1.0
2011 to 2017,SBUX,46,1.0,1.0
2011 to 2017,SCCO,22,1.0,1.0
2011 to 2017,SCHW,20,1.0,1.0
2011 to 2017,SLB,48,1.0,1.0
2011 to 2017,SO,56,1.0,1.0
2011 to 2017,SPY,489,1.0,1.0
2011 to 2017,SYK,8,1.0,1.0
2011 to 2017,T,38,1.0,1.0
2011 to 2017,TGT,38,1.0,1.0
2011 to 2017,TJX,43,1.0,1.0
2011 to 2017,TMO,29,1.0,1.0
2011 to 2017,TRV,4,1.0,1.0
2011 to 2017,TXN,31,1.0,1.0
2011 to 2017,UNH,58,1.0,1.0
2011 to 2017,UNP,49,1.0,1.0
2011 to 2017,UPS,37,1.0,1.0
2011 to 2017,USB,40,1.0,1.0
2011 to 2017,V,58,1.0,1.0
2011 to 2017,VZ,43,1.0,1.0
2011 to 2017,WFC,41,1.0,1.0
2011 to 2017,WMB,4,1.0,1.0
2011 to 2017,WMT,42,1.0,1.0
2011 to 2017,XOM,39,1.0,1.0
2011 to 2017,YUM,10,1.0,1.0
