date,equity,spy_benchmark,drawdown_pct
2015-01-01,100000.0,169.2755,0.0
2015-01-05,100000.0,168.7819,-0.1716
2015-01-09,100795.49,169.1988,-0.2365
2015-01-13,99197.93,166.7248,-1.6811
2015-01-17,98773.26,166.0877,-2.05
2015-01-21,99395.56,167.0403,-1.5011
2015-01-25,100339.4,168.8389,-0.52
2015-01-30,99066.96,166.3811,-1.9514
2015-02-03,98884.67,166.682,-1.782
2015-02-07,100372.49,169.3002,-0.31
2015-02-11,101226.82,170.3798,0.0
2015-02-15,102561.26,172.801,0.0
2015-02-19,102794.82,173.0036,-0.0584
2015-02-23,103370.01,173.9718,-0.035
2015-02-28,103181.74,173.5259,-0.54
2015-03-04,103337.88,173.7827,-0.4784
2015-03-08,101849.97,170.9229,-2.1
2015-03-12,101441.37,169.5197,-2.8936
2015-03-16,102084.77,171.0251,-2.0453
2015-03-20,103416.43,173.7923,-0.4724
2015-03-24,102709.98,172.8582,-0.9991
2015-03-29,101477.36,170.2453,-2.48
2015-04-02,101176.07,170.3278,-2.4394
2015-04-06,101510.78,171.2098,-1.9365
2015-04-10,103105.83,173.342,-0.7287
2015-04-14,103046.27,173.2141,-0.8007
2015-04-18,102324.31,172.0905,-1.44
2015-04-22,103570.68,174.2509,-0.2125
2015-04-27,104046.55,175.0828,-0.0348
2015-05-01,102623.2,172.9438,-1.24
2015-05-05,103930.51,174.1609,-0.5563
2015-05-09,104060.92,175.1271,-0.01
2015-05-13,103366.18,173.7887,-0.7638
2015-05-17,104401.46,175.7808,0.0
2015-05-21,104968.84,176.6293,-0.0056
2015-05-26,104750.47,176.0766,-0.3247
2015-05-30,103973.57,174.6969,-1.1
2015-06-03,103946.23,175.0773,-0.8858
2015-06-07,103236.32,173.5633,-1.74
2015-06-11,103988.4,174.9222,-0.9738
2015-06-15,102895.04,173.1674,-1.96
2015-06-19,104154.21,175.3248,-0.7496
2015-06-24,104728.58,176.1863,-0.2604
2015-06-28,103864.62,174.4657,-1.23
2015-07-02,102558.71,172.4756,-2.3448
2015-07-06,102205.71,172.1184,-2.5485
2015-07-10,102508.5,171.8219,-2.7137
2015-07-14,104035.0,175.0437,-0.9061
2015-07-18,104979.4,176.6775,0.0
2015-07-23,104482.02,175.6484,-0.629
2015-07-27,102861.66,172.6994,-2.2808
2015-07-31,104167.28,175.1919,-0.8854
2015-08-04,103540.13,174.2567,-1.4126
2015-08-08,102824.3,172.9108,-2.16
2015-08-12,103223.62,173.6816,-1.7306
2015-08-16,103487.21,174.1331,-1.48
2015-08-21,101001.12,169.0064,-4.3533
2015-08-25,94009.26,157.0861,-11.0412
2015-08-29,97900.92,165.7016,-6.21
2015-09-02,96841.09,161.1191,-8.7765
2015-09-06,95352.23,160.1389,-9.32
2015-09-10,96778.08,162.7064,-7.8896
2015-09-14,96920.94,162.9937,-7.7238
2015-09-19,97108.43,163.3676,-7.51
2015-09-23,96422.43,162.0104,-8.2778
2015-09-27,95934.74,161.1944,-8.73
2015-10-01,95552.7,160.4081,-9.1715
2015-10-05,98402.87,165.0295,-6.5846
2015-10-09,99989.0,168.2671,-4.7677
2015-10-13,99512.39,167.3892,-5.2547
2015-10-18,100740.86,169.904,-3.85
2015-10-22,100326.98,169.5136,-4.0657
2015-10-26,102515.52,173.2674,-1.9617
2015-10-30,103242.74,174.1242,-1.4842
2015-11-03,104680.35,176.1971,-0.3223
2015-11-07,104352.9,175.5628,-0.68
2015-11-11,103210.34,173.6686,-1.7343
2015-11-16,100815.87,169.554,-4.0487
2015-11-20,103467.12,174.4825,-1.2836
2015-11-24,103861.58,174.8603,-1.0691
2015-11-28,104057.96,175.1365,-0.92
2015-12-02,103631.54,174.8819,-1.0597
2015-12-06,104119.64,175.2451,-0.85
2015-12-10,102288.01,172.0548,-2.6477
2015-12-15,100962.1,169.8717,-3.8711
2015-12-19,100130.21,168.1891,-4.81
2015-12-23,101732.98,172.0048,-2.6712
2015-12-27,102673.5,172.9232,-2.16
2015-12-31,101972.36,171.9766,-2.6884
2016-01-04,100537.69,169.4253,-4.1149
2016-01-08,96016.38,161.442,-8.5982
2016-01-13,96781.45,162.3511,-8.085
2016-01-17,94413.1,157.939,-10.56
2016-01-21,92952.11,156.5473,-11.3378
2016-01-25,93763.89,158.8653,-10.0393
2016-01-29,96709.04,161.8261,-8.3794
2016-02-02,95153.08,160.3246,-9.2172
2016-02-06,94028.37,158.0651,-10.49
2016-02-11,92788.06,155.5688,-11.8902
2016-02-15,93261.25,156.9468,-11.11
2016-02-19,95631.29,161.4698,-8.5784
2016-02-23,96161.48,162.6402,-7.9251
2016-02-27,97450.99,164.0521,-7.13
2016-03-02,99425.59,167.2547,-5.3362
2016-03-06,100155.69,168.475,-4.65
2016-03-11,99775.6,168.1656,-4.8266
2016-03-15,101197.22,170.2092,-3.6789
2016-03-19,102564.46,172.8593,-2.19
2016-03-23,102153.83,172.2165,-2.5518
2016-03-27,102040.02,171.6676,-2.86
2016-03-31,103226.81,173.7826,-1.6748
2016-04-05,103589.39,174.2695,-1.3982
2016-04-09,102877.7,172.8255,-2.21
2016-04-13,103452.61,174.6832,-1.1711
2016-04-17,104269.23,175.6315,-0.64
2016-04-21,104867.62,176.933,-0.3432
2016-04-25,104773.72,176.3717,-0.6583
2016-04-29,103649.74,174.4466,-1.7336
2016-05-04,103547.04,174.1641,-1.8911
2016-05-08,103363.4,173.8566,-2.06
2016-05-12,103715.97,174.5474,-1.6731
2016-05-16,103861.46,173.8924,-2.0406
2016-05-20,103281.76,173.2917,-2.3763
2016-05-24,104340.46,175.1812,-1.3247
2016-05-28,105548.45,177.6684,0.0
2016-06-02,105612.49,177.7791,0.0
2016-06-06,105606.6,177.9248,-0.237
2016-06-10,106468.6,178.6132,-0.4931
2016-06-14,104731.01,176.0165,-1.9298
2016-06-18,104296.5,175.4677,-2.23
2016-06-22,104985.62,176.8109,-1.4916
2016-06-26,102615.81,172.579,-3.83
2016-07-01,105528.69,178.0331,-0.8202
2016-07-05,105899.92,177.9763,-0.8449
2016-07-09,107160.37,180.7097,0.0
2016-07-13,108341.17,182.6336,-0.0152
2016-07-17,108894.23,183.3774,-0.12
2016-07-21,109114.31,183.8578,-0.3344
2016-07-25,109331.04,184.088,-0.2633
2016-07-30,109542.66,184.4904,-0.05
2016-08-03,108818.54,183.2436,-0.7168
2016-08-07,109905.44,185.3315,0.0
2016-08-11,110322.4,185.3596,-0.1303
2016-08-15,110542.81,185.943,-0.0406
2016-08-19,110307.85,185.7445,-0.2108
2016-08-23,110477.79,185.9848,-0.0795
2016-08-28,109804.04,184.6008,-0.82
2016-09-01,109730.32,184.7226,-0.7571
2016-09-05,110132.84,185.5184,-0.33
2016-09-09,107971.28,183.3238,-1.4975
2016-09-13,107636.05,182.0523,-2.1792
2016-09-17,108213.04,182.2014,-2.1
2016-09-21,109460.86,184.21,-1.0245
2016-09-26,109552.87,184.2842,-0.9917
2016-09-30,108927.91,183.6626,-1.3168
2016-10-04,109449.87,183.8914,-1.1959
2016-10-08,109118.81,183.6275,-1.34
2016-10-12,108465.68,182.4153,-1.9816
2016-10-16,108128.47,181.988,-2.21
2016-10-20,108494.69,182.6476,-1.864
2016-10-25,108970.72,183.4301,-1.4461
2016-10-29,108015.35,181.4927,-2.48
2016-11-02,107057.69,179.7512,-3.4027
2016-11-06,105949.69,178.0855,-4.29
2016-11-10,109656.07,185.0886,-0.5575
2016-11-14,109869.34,184.9209,-0.6466
2016-11-18,110806.05,186.6088,-0.206
2016-11-23,111787.88,188.3664,0.0
2016-11-27,112260.33,189.1609,0.0
2016-12-01,111774.96,187.9323,-0.6428
2016-12-05,112045.64,188.168,-0.5173
2016-12-09,114612.59,193.0239,0.0
2016-12-13,115447.57,194.2333,-0.0218
2016-12-17,114787.89,193.3002,-0.61
2016-12-22,115120.36,193.8972,-0.3053
2016-12-26,115122.41,193.8757,-0.31
2016-12-30,114437.02,192.4411,-1.0461
2017-01-03,114832.63,192.7705,-0.8782
2017-01-07,115793.14,195.1642,0.0
2017-01-11,115823.21,194.9657,-0.103
2017-01-15,115795.56,195.0267,-0.07
2017-01-20,115259.98,194.1182,-0.5343
2017-01-24,115334.68,194.5568,-0.3481
2017-01-28,116576.01,196.6759,-0.26
2017-02-01,116163.61,195.4801,-0.8587
2017-02-05,116883.35,196.9937,-0.1
2017-02-09,117562.65,197.8659,-0.0252
2017-02-13,118679.39,199.9014,0.0
2017-02-18,119653.65,201.9328,0.0
2017-02-22,120537.24,203.0897,-0.0227
2017-02-26,120681.07,203.35,0.0
2017-03-02,121382.97,205.2595,-0.3355
2017-03-06,121210.75,204.3751,-0.7656
2017-03-10,121178.77,204.0445,-0.928
2017-03-15,120815.32,203.5145,-1.177
2017-03-19,121261.31,204.4909,-0.71
2017-03-23,120018.48,202.0529,-1.8834
2017-03-27,119677.31,201.6633,-2.0748
2017-03-31,120604.33,203.5715,-1.1503
2017-04-04,120590.77,203.1196,-1.3685
2017-04-08,120444.03,202.9121,-1.47
2017-04-13,119898.02,201.8704,-1.9756
2017-04-17,119120.72,200.8916,-2.4447
2017-04-21,120473.69,202.8303,-1.5071
2017-04-25,121948.92,205.1561,-0.3893
2017-04-29,121927.03,205.3968,-0.27
2017-05-03,122093.57,205.8055,-0.0895
2017-05-07,122709.36,206.7944,0.0
2017-05-12,122577.91,206.5065,-0.2058
2017-05-16,123003.45,207.2782,-0.016
2017-05-20,122169.59,205.5952,-0.82
2017-05-24,123033.0,207.3218,-0.0533
2017-05-28,123693.41,208.5285,-0.02
2017-06-01,124534.88,209.5462,-0.0318
2017-06-05,124898.3,210.5111,-0.0629
2017-06-10,124668.02,209.9951,-0.31
2017-06-14,125152.09,210.9284,-0.0244
2017-06-18,124874.16,210.349,-0.3
2017-06-22,124908.84,210.5724,-0.7138
2017-06-26,125130.18,210.8598,-0.5828
2017-06-30,124435.99,209.5289,-1.2024
2017-07-04,124595.75,209.9762,-0.99
2017-07-09,124559.14,209.8895,-1.03
2017-07-13,125457.26,211.6067,-0.2285
2017-07-17,126296.15,212.8715,-0.0034
2017-07-21,126909.42,214.1229,-0.0437
2017-07-25,127235.3,214.3002,-0.0407
2017-07-29,127015.15,214.0507,-0.21
2017-08-02,127265.5,214.5017,-0.0033
2017-08-07,127256.96,214.509,-0.0094
2017-08-11,125489.99,211.3844,-1.6191
2017-08-15,126788.02,213.7209,-0.5335
2017-08-19,125071.44,210.4097,-2.07
2017-08-23,125715.2,212.289,-1.2
2017-08-27,125800.48,212.0135,-1.33
2017-08-31,127269.39,214.4603,-0.1929
2017-09-05,127461.33,214.7467,-0.0608
2017-09-09,126942.01,213.7647,-0.52
2017-09-13,128574.31,216.8103,0.0
2017-09-17,128772.98,217.0951,0.0
2017-09-21,128887.12,217.4746,-0.175
2017-09-25,128672.35,216.9607,-0.4085
2017-09-29,129821.63,218.8237,0.0
2017-10-04,130613.14,220.3135,0.0
2017-10-08,131320.56,221.6079,-0.11
2017-10-12,131780.48,222.0519,-0.0554
2017-10-16,131908.95,222.2653,-0.0146
2017-10-20,132777.64,223.6013,0.0
2017-10-24,132589.33,223.4381,-0.2457
2017-10-28,133157.49,224.5177,0.0
2017-11-02,133060.91,224.3339,-0.0773
2017-11-06,133517.89,225.2296,0.0
2017-11-10,133404.36,224.895,-0.3701
2017-11-14,133201.28,224.8063,-0.4107
2017-11-18,133236.18,224.6484,-0.48
2017-11-22,134161.21,226.3499,-0.0693
2017-11-26,134518.63,226.8264,0.0
2017-12-01,136717.55,230.8497,-0.0122
2017-12-05,136488.88,229.9522,-0.4007
2017-12-09,137067.67,231.3131,0.0
2017-12-13,137723.18,232.4067,-0.0049
2017-12-17,138331.76,233.379,0.0
2017-12-21,138906.15,234.2095,-0.2742
2017-12-25,138901.25,234.2547,-0.26
2017-12-30,138627.84,233.6855,-0.5
2018-01-03,139491.27,235.6729,0.0
2018-01-07,141611.64,239.43,0.0
2018-01-11,143167.28,240.9184,-0.075
2018-01-15,144187.2,243.3706,0.0
2018-01-19,145486.11,245.3156,-0.036
2018-01-23,147014.46,248.0375,0.0
2018-01-28,148423.08,250.954,0.0
2018-02-01,146460.97,246.7939,-1.6443
2018-02-05,143038.79,237.5254,-5.3164
2018-02-09,136571.18,227.3286,-9.3577
2018-02-13,137920.62,232.7321,-7.2197
2018-02-17,141603.36,239.1585,-4.67
2018-02-21,140233.6,236.5478,-5.7026
2018-02-26,142434.21,240.7998,-4.0245
2018-03-02,139167.11,234.6993,-6.4395
2018-03-06,141289.92,238.5791,-4.9001
2018-03-10,144397.9,244.2025,-2.67
2018-03-14,143055.96,241.4438,-3.7652
2018-03-18,142919.07,241.0774,-3.91
2018-03-22,137475.91,231.862,-7.5631
2018-03-27,138164.62,232.5421,-7.2951
2018-03-31,137356.02,231.3622,-7.76
2018-04-04,137378.67,230.3132,-8.1774
2018-04-08,135634.59,228.3465,-8.95
2018-04-12,138406.37,233.2603,-7.0075
2018-04-16,139335.72,234.765,-6.4079
2018-04-21,139063.02,234.4042,-6.55
2018-04-25,137257.52,231.2964,-7.7863
2018-04-29,138675.76,234.3602,-6.57
2018-05-03,137210.7,231.1844,-7.827
2018-05-07,138914.75,234.3436,-6.5805
2018-05-11,142007.45,239.6884,-4.4603
2018-05-15,141343.81,238.5711,-4.9038
2018-05-20,141409.32,238.554,-4.91
2018-05-24,142403.81,240.2621,-4.2311
2018-05-28,141953.21,239.275,-4.62
2018-06-01,142504.03,239.2498,-4.637
2018-06-05,143305.21,241.7962,-3.6288
2018-06-09,144878.31,244.5854,-2.52
2018-06-13,144905.01,244.5412,-2.5418
2018-06-18,145066.71,244.7405,-2.4642
2018-06-22,143674.1,242.2716,-3.4403
2018-06-26,141939.4,239.5011,-4.535
2018-06-30,142022.44,239.5845,-4.5
2018-07-04,141862.02,239.2489,-4.64
2018-07-08,144041.64,243.2408,-3.05
2018-07-12,146189.56,246.4767,-1.7703
2018-07-17,146233.85,246.733,-1.6682
2018-07-21,146377.49,247.0031,-1.56
2018-07-25,147384.5,249.383,-0.6223
2018-07-29,147326.05,248.5398,-0.96
2018-08-02,147769.47,248.8655,-0.8283
2018-08-06,148916.66,251.1551,-0.0473
2018-08-10,148239.71,250.2529,-0.771
2018-08-15,148571.66,250.6558,-0.6093
2018-08-19,149100.48,251.7545,-0.18
2018-08-23,149770.35,252.6247,-0.1026
2018-08-27,151446.95,254.8649,0.0
2018-08-31,151912.45,256.3877,-0.4
2018-09-04,151694.37,256.0552,-0.5293
2018-09-08,150556.56,253.9977,-1.32
2018-09-13,151254.05,255.4141,-0.7716
2018-09-17,152184.24,256.6318,-0.3024
2018-09-21,153597.86,259.2013,-0.0304
2018-09-25,152945.54,258.0725,-0.4633
2018-09-29,152841.86,257.9217,-0.52
2018-10-03,153332.89,258.7762,-0.1915
2018-10-07,151368.74,255.3488,-1.51
2018-10-12,143810.57,241.66,-6.7547
2018-10-16,144249.99,244.521,-5.6568
2018-10-20,145141.3,245.0841,-5.44
2018-10-24,140294.51,239.1314,-7.7244
2018-10-28,139572.36,235.3961,-9.16
2018-11-01,143611.47,242.0894,-6.5863
2018-11-05,143786.43,242.3895,-6.4703
2018-11-10,145623.32,246.4238,-4.93
2018-11-14,143304.44,241.0859,-6.9772
2018-11-18,143831.73,242.8484,-6.3
2018-11-22,140026.87,235.1211,-9.26
2018-11-26,140578.09,235.8237,-8.992
2018-11-30,144696.19,244.177,-5.7917
2018-12-04,142220.54,240.6346,-7.1449
2018-12-09,139326.57,233.8347,-9.75
2018-12-13,139572.24,235.4971,-9.1154
2018-12-17,137093.8,229.6165,-11.3734
2018-12-21,128551.03,217.1824,-16.1349
2018-12-25,124418.41,209.1167,-19.23
2018-12-29,130713.31,221.0834,-14.64
2019-01-02,132388.09,223.2287,-13.819
2019-01-07,133483.61,225.3034,-13.0291
2019-01-11,136798.39,231.0323,-10.8324
2019-01-15,136230.94,230.5717,-11.0035
2019-01-19,140433.62,237.7795,-8.24
2019-01-23,139525.25,234.872,-9.3581
2019-01-27,140546.29,237.1727,-8.47
2019-01-31,142751.37,240.6871,-7.1321
2019-02-05,143779.88,242.7425,-6.3389
2019-02-09,143221.31,241.3579,-6.87
2019-02-13,144950.84,244.8692,-5.5238
2019-02-17,146518.49,247.5152,-4.51
2019-02-21,146734.84,247.8859,-4.3645
2019-02-25,147778.96,249.3575,-3.7992
2019-03-01,148304.52,250.1116,-3.5176
2019-03-06,147637.07,248.8919,-3.9862
2019-03-10,145577.63,244.9184,-5.51
2019-03-14,148773.13,250.9947,-3.1736
2019-03-18,149853.25,252.6285,-2.5518
2019-03-22,148474.98,251.8529,-2.8488
2019-03-26,149289.97,251.6424,-2.9252
2019-03-30,150045.52,253.1856,-2.34
2019-04-04,151988.55,256.795,-0.9502
2019-04-08,153221.05,258.6951,-0.2219
2019-04-12,153076.48,259.0256,-0.2209
2019-04-16,154003.54,259.9921,-0.0317
2019-04-20,154037.06,259.9437,-0.05
2019-04-24,155150.07,262.0204,-0.1838
2019-04-28,155817.83,262.9821,0.0
2019-05-03,154721.79,261.2998,-0.8411
2019-05-07,155477.36,261.2785,-0.8523
2019-05-11,153337.3,258.2228,-2.0
2019-05-15,151590.85,254.8381,-3.2784
2019-05-19,151793.84,256.1972,-2.77
2019-05-23,149947.14,253.3663,-3.8369
2019-05-27,150208.3,253.4545,-3.8
2019-06-01,146931.87,246.7233,-6.34
2019-06-05,148908.23,252.042,-4.3325
2019-06-09,152305.85,257.8195,-2.16
2019-06-13,153688.47,259.0862,-1.678
2019-06-17,153696.25,259.3325,-1.5887
2019-06-21,156770.55,264.8485,-0.1196
2019-06-25,155169.09,261.8783,-1.2384
2019-06-30,156152.91,263.8916,-0.48
2019-07-04,158884.87,269.1154,0.0
2019-07-08,158532.56,268.1726,-0.347
2019-07-12,160199.1,270.2689,0.0
2019-07-16,159951.22,270.1979,-0.2446
2019-07-20,158614.77,267.6473,-1.18
2019-07-25,160624.25,271.4831,-0.0036
2019-07-29,161116.34,271.9312,-0.0273
2019-08-02,157447.39,264.9567,-2.5762
2019-08-06,154054.2,257.202,-5.4132
2019-08-10,155414.12,262.6487,-3.42
2019-08-14,151807.02,257.8091,-5.1868
2019-08-18,154071.73,260.1539,-4.33
2019-08-23,155848.72,263.1995,-3.2222
2019-08-27,153851.92,259.2242,-4.6697
2019-08-31,155707.2,263.3962,-3.15
2019-09-04,156792.34,263.1926,-3.2198
2019-09-08,158819.65,268.4399,-1.3
2019-09-12,160641.85,271.1127,-0.3291
2019-09-16,160172.6,270.4389,-0.5735
2019-09-21,159940.11,269.8873,-0.77
2019-09-25,158696.27,267.9769,-1.471
2019-09-29,158390.76,267.2815,-1.73
2019-10-03,156058.23,261.6203,-3.7919
2019-10-07,156976.29,265.6382,-2.3234
2019-10-11,158714.61,267.383,-1.6926
2019-10-15,160170.38,270.1429,-0.6851
2019-10-20,159816.48,269.6068,-0.88
2019-10-24,160670.35,271.4148,-0.2194
2019-10-28,161636.32,273.39,0.0
2019-11-01,163796.4,275.6475,-0.1382
2019-11-05,164500.99,277.9364,-0.0628
2019-11-09,165496.75,279.5326,0.0
2019-11-13,165651.51,279.6647,0.0
2019-11-18,166954.0,282.112,0.0
2019-11-22,166332.52,280.8282,-0.5275
2019-11-26,167878.61,283.7284,0.0
2019-11-30,168369.47,284.3915,-0.37
2019-12-04,167071.61,281.0874,-1.5218
2019-12-08,168604.37,284.8982,-0.19
2019-12-12,169894.43,286.621,-0.0433
2019-12-17,171081.55,289.0882,0.0
2019-12-21,172417.79,291.6271,0.0
2019-12-25,172913.91,292.0818,0.0
2019-12-29,173712.61,293.5638,-0.02
