project_id,project_name,backtest_id,name,created,completed,status,error,parameters,net_profit,sharpe,drawdown,published_key,note
36836415,Rank Space Stat Arb Alg 1-2,a456727ec32bb79734be1296d2be4b4a,run1,2026-09-22 17:47:09,yes,Completed.,,code defaults,-11.166,-0.692,17.8,sa__v1,runs.csv; files in superseded/v1_2010_2024/
36836415,Rank Space Stat Arb Alg 1-2,e88aa0756b604a5f3f17186001e4cb63,v2 chunk 2018-2024,2026-09-22 17:54:51,yes,Completed.,,code defaults,9.342,-0.084,8.1,sa__v2,runs.csv; files in superseded/v2_2018_2024/
36836415,Rank Space Stat Arb Alg 1-2,34bc2a26371280c36ee4bd62f36b7f93,v3 chunk 2018-2024,2026-09-22 18:00:54,yes,Completed.,,code defaults,24.435,0.077,10.6,sa__v3_2018,runs.csv; files in superseded/v3_2018_2024/
36836415,Rank Space Stat Arb Alg 1-2,52a7a3c0c4125798b5e32ced4a0591be,v3 chunk 2011-2017,2026-09-22 18:05:47,yes,Completed.,,start_year=2011; end_year=2017,0.675,-0.149,9.6,sa__v3_2011,runs.csv; files in superseded/v3_2011_2017/
36836415,Rank Space Stat Arb Alg 1-2,750e8e081cbadc1707fa2cc4f61d77e1,rerun refactored v3 2018-2024,2026-09-25 00:01:34,yes,Completed.,,code defaults,24.124,0.072,10.9,rerun__sa_v3_2018,runs.csv; files in checks/reproduction/
36836415,Rank Space Stat Arb Alg 1-2,d854bcc40d82f63ac56ef65ab22cb7fc,rerun refactored v3 2011-2017,2026-09-25 00:10:10,yes,Completed.,,start_year=2011; end_year=2017,1.804,-0.119,9.6,rerun__sa_v3_2011,runs.csv; files in checks/reproduction/
36836415,Rank Space Stat Arb Alg 1-2,2d103fcf069fbd64db1c7b2ef0d57868,v3 leg_weight 0.025 2011-2017,2026-09-25 00:16:47,yes,Completed.,,start_year=2011; end_year=2017; leg_weight=0.025,5.165,-0.162,5.5,sa__half_leg_2011,runs.csv; files in checks/margin/half_leg_2011_2017/
36836415,Rank Space Stat Arb Alg 1-2,9bc852fda9adc4e72992f91a4ec234f2,v3 leg_weight 0.025 2018-2024,2026-09-25 00:20:32,yes,Completed.,,leg_weight=0.025,16.148,-0.375,4.7,sa__half_leg_2018,runs.csv; files in checks/margin/half_leg_2018_2024/
36836415,Rank Space Stat Arb Alg 1-2,ce4bc7c34bd41a5dba61822863beffdf,v4 daily caps 2011-2017,2026-09-25 00:41:58,yes,Completed.,,start_year=2011; end_year=2017,-8.46,-1.43,9.8,sa__v4_2011,runs.csv; files in v4/2011_2012/
36836415,Rank Space Stat Arb Alg 1-2,13c6fd60817d82bd142f2d9e56a540af,v4 daily caps 2018-2024,2026-09-25 00:43:49,yes,Completed.,,code defaults,8.92,0.315,3.3,sa__v4_2018,runs.csv; files in v4/2018_2019/
36836415,Rank Space Stat Arb Alg 1-2,59c153e30f7dbc30d429dc5690e972c3,check: v4 code with v3 settings 2018-2024,2026-09-25 00:46:13,yes,Completed.,,cap_source=reported; leg_weight=0.05,24.124,0.072,10.9,check__v3_via_params_2018,runs.csv; files in checks/reproduction/
36836415,Rank Space Stat Arb Alg 1-2,0ca8b5de8aa85c494a003aa2355333cb,v4 daily caps 2013-2014,2026-09-25 00:50:08,yes,Completed.,,start_year=2013; end_year=2014,-6.042,-1.332,8.3,sa__v4_2013,runs.csv; files in v4/2013_2014/
36836415,Rank Space Stat Arb Alg 1-2,9b5926227641558c352344da81fd230a,v4 daily caps 2015-2016,2026-09-25 00:52:04,yes,Completed.,,start_year=2015; end_year=2016,-0.409,-0.368,4.0,sa__v4_2015,runs.csv; files in v4/2015_2016/
36836415,Rank Space Stat Arb Alg 1-2,c30d8925ee7717581d90017c4d833f1d,v4 daily caps 2017-2018,2026-09-25 00:53:37,yes,Completed.,,start_year=2017; end_year=2018,2.301,-0.387,6.0,sa__v4_2017,runs.csv; files in v4/2017_2018/
36836415,Rank Space Stat Arb Alg 1-2,4625d2e1a862ec5fbab51b25abfaa16e,v4 daily caps 2020-2021,2026-09-25 00:56:12,yes,Completed.,,start_year=2020; end_year=2021,-9.963,-0.993,10.3,sa__v4_2020,runs.csv; files in v4/2020_2021/
36836415,Rank Space Stat Arb Alg 1-2,471170f7d06324c6c8d3a0485c9f86bd,v4 daily caps 2022-2023,2026-09-25 00:58:20,yes,Completed.,,start_year=2022; end_year=2023,-0.919,-0.847,9.7,sa__v4_2022,runs.csv; files in v4/2022_2023/
36836415,Rank Space Stat Arb Alg 1-2,a7d6120d403258e2c4156fd3315385c3,v4 daily caps 2024-2024,2026-09-25 01:00:28,yes,Completed.,,start_year=2024; end_year=2024,-8.928,-2.761,11.2,sa__v4_2024,runs.csv; files in v4/2024/
36924052,Stat arb control rerun of recorded v3 code,3b47a7efaa9763937ce344ad01e5a70b,control: recorded v3 main.py 2018-2024,2026-09-25 00:13:07,yes,Completed.,,code defaults,24.124,0.072,10.9,control__sa_v3_2018_recorded_code,runs.csv; files in checks/reproduction/
36922759,Audit benchmark checks,59188fbb663a9156f0a91ef329d1a6e0,spy 2015-2019,2026-09-24 23:16:46,yes,Completed.,,mode=spy_2015_2019,73.298,0.618,19.2,audit__spy_2015_2019,runs.csv; files in reference/spy_2015_2019/
36922759,Audit benchmark checks,d611b8a8fb19c48188e250a4c75a5297,basket 2023,2026-09-24 23:17:21,yes,Completed.,,mode=basket_2023,28.615,1.312,4.8,,"not published: belongs to the DCF repository, automated-dcf-point-in-time, as its reference run audit__basket_2023"
36923739,Data probe,d8437e5465b8ac3e0e57c1793df5a2ca,probe 2012,2026-09-25 00:25:09,yes,Completed.,,year=2012,0.0,0.0,0.0,,not published: discarded probe version (the first probe had no once-per-day guard and counted repeat calls on the same day); re-run as probe2__2012
36923739,Data probe,783c48a6748f1768dc417308cc432b26,probe 2019,2026-09-25 00:25:33,yes,Completed.,,year=2019,0.0,0.0,0.0,,not published: discarded probe version (the first probe had no once-per-day guard and counted repeat calls on the same day); re-run as probe2__2019
36923739,Data probe,843f4a7d9ac7d1d4fe5c23dea76eda92,probe v2 2012,2026-09-25 00:28:47,yes,Completed.,,year=2012,0.0,0.0,0.0,probe2__2012,listed in checks/data/README.md; files in checks/data/
36923739,Data probe,7e0a587bfa6cb6d324391beb453792be,probe v2 2019,2026-09-25 00:29:33,yes,Completed.,,year=2019,0.0,0.0,0.0,probe2__2019,listed in checks/data/README.md; files in checks/data/
36924577,Market cap probe,3ea271f9598e34f6872c7aa6911fa3c8,cap probe 2019,2026-09-25 00:34:40,yes,Completed.,,code defaults,0.0,0.0,0.0,,"not published: discarded probe version (the first run of the cap probe); replaced 88 seconds later by capprobe2__2019, the run whose log is published; what changed between the two is not recorded"
36924577,Market cap probe,10bf1b25d6e517a9f7ddb811dba709d9,cap probe v2 2019 logs,2026-09-25 00:36:08,yes,Completed.,,code defaults,0.0,0.0,0.0,capprobe2__2019,listed in checks/data/README.md; files in checks/data/
