date,equity,spy_benchmark,drawdown_pct,exposure_long,exposure_short,portfolio_turnover
2024-01-01,1000000.0,460.2496,0.0,0.0,0.0,0.0
2024-01-05,1002521.36,452.5634,-0.0159,0.3832,-0.4931,0.0
2024-01-09,1003054.63,459.361,0.0,0.4663,-0.585,0.516014
2024-01-13,1002835.21,461.5762,-0.21,0.347,-0.5,0.0
2024-01-17,1001244.07,458.407,-0.3361,0.4006,-0.5603,0.414811
2024-01-21,999119.14,467.144,-0.59,0.4311,-0.5825,0.0
2024-01-25,1000175.66,472.2221,-0.4781,0.3976,-0.5241,0.106582
2024-01-30,998837.3,475.7004,-0.6194,0.4318,-0.5529,1.024884
2024-02-03,1000490.36,478.6863,-0.6,0.4519,-0.5788,0.0
2024-02-07,1005553.33,479.5164,-0.117,0.6267,-0.7066,0.362768
2024-02-11,1004016.56,485.3192,-0.31,0.7013,-0.722,0.0
2024-02-15,1007669.65,484.7256,-0.041,0.788,-0.627,0.529154
2024-02-19,1008318.99,483.6828,-0.02,0.8428,-0.7329,0.0
2024-02-23,1009293.85,491.716,-0.4637,0.8403,-0.7184,0.109952
2024-02-28,1008941.49,490.8554,-0.5355,0.9702,-0.6919,0.614051
2024-03-03,1007897.35,496.6001,-0.66,0.7301,-0.7167,0.09685
2024-03-07,1013067.56,495.1042,-0.2176,0.9044,-0.8229,0.565608
2024-03-11,1012751.5,495.2957,-0.1255,0.8007,-0.8039,0.642681
2024-03-15,1018730.26,496.451,0.0,0.5766,-0.6265,0.226121
2024-03-19,1015532.48,500.3165,-0.3431,0.5923,-0.6263,1.370365
2024-03-23,1016745.3,506.2633,-0.25,0.523,-0.6574,0.0
2024-03-28,1004230.04,508.1603,-1.5977,0.4812,-0.6884,0.491273
2024-04-01,1002101.58,507.8805,-1.6764,0.5049,-0.6378,0.090002
2024-04-05,1001039.87,500.2231,-1.8502,0.5414,-0.6088,0.0
2024-04-09,1001642.05,504.1377,-1.554,0.6949,-0.7678,0.474733
2024-04-13,997141.96,496.2004,-2.22,0.6571,-0.6865,0.0
2024-04-17,1000755.84,486.8003,-1.8815,0.7025,-0.7289,0.854422
2024-04-21,1001635.03,480.9603,-1.74,0.6838,-0.677,0.91198
2024-04-26,1004248.12,489.4199,-1.4672,0.4225,-0.4305,0.592538
2024-04-30,1005103.81,493.677,-1.3306,0.4971,-0.5673,0.100596
2024-05-04,1006181.83,496.6277,-1.28,0.7747,-0.6604,0.0
2024-05-08,1011760.05,502.3348,-0.8117,0.6511,-0.5432,0.417004
2024-05-12,1009336.51,505.9039,-1.0,0.8314,-0.8,0.0
2024-05-16,1007820.97,513.7399,-1.0981,0.6087,-0.5533,0.622408
2024-05-20,1011212.74,514.8268,-0.816,0.549,-0.6016,0.403906
2024-05-25,1005011.07,514.2572,-1.54,0.5457,-0.6087,0.0
2024-05-29,1001189.99,513.7762,-1.8676,0.5996,-0.6318,1.040638
2024-06-02,999179.31,512.2466,-2.01,0.7226,-0.7259,0.246484
2024-06-06,994316.31,519.3322,-2.4078,0.6906,-0.7218,0.684633
2024-06-10,992605.06,519.7633,-2.5899,0.7573,-0.821,0.646528
2024-06-14,982872.1,527.1538,-3.6903,1.1107,-0.7757,0.138143
2024-06-18,988278.3,532.6992,-3.0505,1.1742,-0.6694,0.028424
2024-06-23,998954.56,530.6014,-1.77,0.8943,-0.7504,0.072604
2024-06-27,996030.58,531.7792,-2.3151,0.8238,-0.7323,0.670553
2024-07-01,1009416.09,530.741,-1.2834,1.0425,-0.6951,0.231035
2024-07-05,995661.6,539.0196,-2.5743,0.9863,-0.7566,0.211782
2024-07-09,991488.5,541.4516,-2.7797,0.983,-0.7643,0.45257
2024-07-13,1006076.81,545.686,-1.23,0.8716,-0.7655,0.0
2024-07-17,997002.09,542.9938,-2.1753,0.7214,-0.7031,1.192029
2024-07-22,996190.07,535.5622,-2.2703,0.9215,-0.7402,0.60729
2024-07-26,999637.65,526.1388,-2.0032,0.7879,-0.8315,0.592691
2024-07-30,997466.7,529.779,-2.2055,0.7866,-0.8674,0.394201
2024-08-03,984823.06,519.2879,-3.53,0.7417,-0.8267,0.0
2024-08-07,982893.97,506.4837,-3.6399,0.7932,-0.8671,0.802626
2024-08-11,981464.47,519.3756,-3.72,0.767,-0.7679,0.310403
2024-08-15,979692.4,538.6992,-3.8964,0.7442,-0.7029,0.585934
2024-08-20,977864.91,545.2116,-4.1117,0.7461,-0.7793,0.094462
2024-08-24,974348.25,547.7713,-4.48,0.6376,-0.7737,0.0
2024-08-28,971381.61,545.9266,-4.7465,0.4408,-0.6151,0.391369
2024-09-01,969720.73,549.2817,-4.89,0.507,-0.8692,0.0
2024-09-05,967965.01,535.9704,-5.2037,0.3077,-0.7314,0.562648
2024-09-09,965533.58,531.5004,-5.2577,0.2113,-0.56,0.321198
2024-09-13,959708.8,547.6051,-5.8405,0.3125,-0.5569,0.011086
2024-09-18,961152.16,548.4808,-5.6975,0.293,-0.6094,0.656941
2024-09-22,961530.2,555.433,-5.67,0.198,-0.4134,0.0
2024-09-26,964280.03,558.1,-5.5412,0.3144,-0.5298,0.785791
2024-09-30,956888.62,559.8327,-5.987,0.4493,-0.6393,0.17545
2024-10-04,952201.93,558.5619,-6.5044,0.459,-0.6284,0.178767
2024-10-08,948941.94,559.4437,-6.8835,0.4944,-0.6695,1.107162
2024-10-12,946952.45,566.5074,-7.1,0.7323,-0.8682,0.0
2024-10-17,944151.02,569.1727,-7.3891,0.4272,-0.6312,0.952325
2024-10-21,944052.2,571.1412,-7.4826,0.5176,-0.733,0.623144
2024-10-25,954532.07,566.0921,-6.381,0.5006,-0.6193,0.384702
2024-10-29,950597.61,568.252,-6.6566,0.5933,-0.6004,0.440738
2024-11-02,950564.51,558.16,-6.75,0.6401,-0.5777,0.0
2024-11-06,945428.52,575.1259,-7.1971,0.6629,-0.6474,0.122641
2024-11-10,941754.95,584.6976,-7.62,0.732,-0.8899,0.0
2024-11-15,936994.22,579.1932,-8.1096,0.7155,-0.872,0.511141
2024-11-19,939067.97,575.406,-8.0091,0.745,-0.7827,0.143062
2024-11-23,939041.1,582.0781,-7.88,0.6559,-0.6523,0.0
2024-11-27,938878.34,586.1473,-7.841,0.6078,-0.6045,0.413006
2024-12-01,937757.77,588.9593,-8.01,0.6084,-0.693,0.390267
2024-12-05,936656.5,593.1475,-8.1148,0.4973,-0.5867,0.911844
2024-12-09,936592.27,591.1349,-8.124,0.7427,-0.7364,0.024585
2024-12-14,928179.07,590.5819,-9.12,0.8697,-0.6982,0.0
2024-12-18,918244.8,586.1216,-10.1276,1.0512,-0.6075,0.316156
2024-12-22,911522.23,579.7607,-10.67,0.9112,-0.6967,0.259832
2024-12-26,912124.9,589.7366,-10.5427,0.8712,-0.631,0.326485
2024-12-30,908582.8,578.9486,-10.76,0.8127,-0.5504,0.285136
